﻿<?xml version="1.0" encoding="utf-8" standalone="yes"?>
<category title="Add Menu">
	<category title="Items">
		<category title="Addons">
			<category title="Constructed">
				<category title="Bedding" />
				<category title="Cooking" />
				<category title="Furniture" />
				<category title="Misc">
					<object type="Server.Items.Abbatoir" gfx="1" />
					<object type="Server.Items.AnvilEast" gfx="4015" />
					<object type="Server.Items.AnvilSouth" gfx="4016" />
					<object type="Server.Items.FlourMillEast" gfx="1" />
					<object type="Server.Items.FlourMillSouth" gfx="1" />
					<object type="Server.Items.LargeBedEast" gfx="1" />
					<object type="Server.Items.LargeBedSouth" gfx="1" />
					<object type="Server.Items.LargeForgeEast" gfx="1" />
					<object type="Server.Items.LargeForgeSouth" gfx="1" />
					<object type="Server.Items.LoomEast" gfx="1" />
					<object type="Server.Items.LoomSouth" gfx="1" />
					<object type="Server.Items.Pentagram" gfx="1" />
					<object type="Server.Items.PickpocketDipEast" gfx="7875" />
					<object type="Server.Items.PickpocketDipSouth" gfx="7872" />
					<object type="Server.Items.RejuvinationAnkhNorth" gfx="1" />
					<object type="Server.Items.RejuvinationAnkhWest" gfx="1" />
					<object type="Server.Items.SandstoneFireplaceSouth" gfx="1" />
					<object type="Server.Items.SmallBedEast" gfx="1" />
					<object type="Server.Items.SmallBedSouth" gfx="1" />
					<object type="Server.Items.SmallForge" gfx="4017" />
					<object type="Server.Items.SpinningwheelEast" gfx="4121" />
					<object type="Server.Items.SpinningwheelSouth" gfx="4117" />
					<object type="Server.Items.StoneFireplaceEast" gfx="1" />
					<object type="Server.Items.StoneFireplaceSouth" gfx="1" />
					<object type="Server.Items.StoneFountain" gfx="1" />
					<object type="Server.Items.StoneOvenEast" gfx="1" />
					<object type="Server.Items.StoneOvenSouth" gfx="1" />
					<object type="Server.Items.TrainingDummyEast" gfx="4212" />
					<object type="Server.Items.TrainingDummySouth" gfx="4208" />
					<object type="Server.Items.WaterTroughEast" gfx="1" />
					<object type="Server.Items.WaterTroughSouth" gfx="1" />
				</category>
				<category title="Smithing" />
				<category title="Spiritual" />
				<category title="Tailoring" />
				<category title="Training" />
			</category>
			<category title="Deeds">
				<category title="Bedding">
					<object type="Server.Items.LargeBedEastDeed" gfx="5360" />
					<object type="Server.Items.LargeBedSouthDeed" gfx="5360" />
					<object type="Server.Items.SmallBedEastDeed" gfx="5360" />
					<object type="Server.Items.SmallBedSouthDeed" gfx="5360" />
				</category>
				<category title="Cooking">
					<object type="Server.Items.FlourMillEastDeed" gfx="5360" />
					<object type="Server.Items.FlourMillSouthDeed" gfx="5360" />
					<object type="Server.Items.StoneOvenEastDeed" gfx="5360" />
					<object type="Server.Items.StoneOvenSouthDeed" gfx="5360" />
				</category>
				<category title="Furniture" />
				<category title="Misc">
					<object type="Server.Items.BallotBoxDeed" gfx="5360" />
					<object type="Server.Items.DartBoardEastDeed" gfx="5360" />
					<object type="Server.Items.DartBoardSouthDeed" gfx="5360" />
					<object type="Server.Items.WaterTroughEastDeed" gfx="5360" />
					<object type="Server.Items.WaterTroughSouthDeed" gfx="5360" />
				</category>
				<category title="Smithing">
					<object type="Server.Items.AnvilEastDeed" gfx="5360" />
					<object type="Server.Items.AnvilSouthDeed" gfx="5360" />
					<object type="Server.Items.LargeForgeEastDeed" gfx="5360" />
					<object type="Server.Items.LargeForgeSouthDeed" gfx="5360" />
					<object type="Server.Items.SmallForgeDeed" gfx="5360" />
				</category>
				<category title="Spiritual">
					<object type="Server.Items.AbbatoirDeed" gfx="5360" />
					<object type="Server.Items.PentagramDeed" gfx="5360" />
				</category>
				<category title="Tailoring">
					<object type="Server.Items.LoomEastDeed" gfx="5360" />
					<object type="Server.Items.LoomSouthDeed" gfx="5360" />
					<object type="Server.Items.SpinningwheelEastDeed" gfx="5360" />
					<object type="Server.Items.SpinningwheelSouthDeed" gfx="5360" />
				</category>
				<category title="Training">
					<object type="Server.Items.PickpocketDipEastDeed" gfx="5360" />
					<object type="Server.Items.PickpocketDipSouthDeed" gfx="5360" />
					<object type="Server.Items.TrainingDummyEastDeed" gfx="5360" />
					<object type="Server.Items.TrainingDummySouthDeed" gfx="5360" />
				</category>
			</category>
		</category>
		<category title="Boats">
			<category title="Constructed">
				<object type="Server.Multis.LargeBoat" gfx="16" />
				<object type="Server.Multis.LargeDragonBoat" gfx="20" />
				<object type="Server.Multis.MediumBoat" gfx="8" />
				<object type="Server.Multis.MediumDragonBoat" gfx="12" />
				<object type="Server.Multis.SmallBoat" gfx="0" />
				<object type="Server.Multis.SmallDragonBoat" gfx="4" />
			</category>
			<category title="Deeds">
				<object type="Server.Multis.LargeBoatDeed" gfx="5362" />
				<object type="Server.Multis.LargeDragonBoatDeed" gfx="5362" />
				<object type="Server.Multis.MediumBoatDeed" gfx="5362" />
				<object type="Server.Multis.MediumDragonBoatDeed" gfx="5362" />
				<object type="Server.Multis.SmallBoatDeed" gfx="5362" />
				<object type="Server.Multis.SmallDragonBoatDeed" gfx="5362" />
			</category>
		</category>
		<category title="Bods &amp; Rewards">
			<category title="Smithing" />
			<category title="Tailoring">
				<category title="Addons">
					<category title="Constructed" />
					<category title="Deeds" />
				</category>
				<object type="Server.Items.ClothingBlessDeed" gfx="5360" />
			</category>
		</category>
		<category title="Books">
			<object type="Server.Items.ArmsAndWeaponsPrimer" gfx="4080" />
			<object type="Server.Items.BirdsOfBritannia" gfx="4079" />
			<object type="Server.Items.BlueBook" gfx="4082" />
			<object type="Server.Items.BoldStranger" gfx="4079" />
			<object type="Server.Items.BritannianFlora" gfx="4079" />
			<object type="Server.Items.BrownBook" gfx="4079" />
			<object type="Server.Items.BurningOfTrinsic" gfx="4080" />
			<object type="Server.Items.CallToAnarchy" gfx="4079" />
			<object type="Server.Items.ChildrenTalesVol2" gfx="4080" />
			<object type="Server.Items.DeceitDungeonOfHorror" gfx="4079" />
			<object type="Server.Items.DimensionalTravel" gfx="4079" />
			<object type="Server.Items.DiversityOfOurLand" gfx="4079" />
			<object type="Server.Items.EthicalHedonism" gfx="4079" />
			<object type="Server.Items.GrammarOfOrcish" gfx="4080" />
			<object type="Server.Items.GuideToGuilds" gfx="4080" />
			<object type="Server.Items.LifeOfATravellingMinstrel" gfx="4080" />
			<object type="Server.Items.MajorTradeAssociation" gfx="4079" />
			<object type="Server.Items.MyStory" gfx="4079" />
			<object type="Server.Items.QuestOfVirtues" gfx="4079" />
			<object type="Server.Items.RankingsOfTrades" gfx="4080" />
			<object type="Server.Items.RedBook" gfx="4081" />
			<object type="Server.Items.RegardingLlamas" gfx="4079" />
			<object type="Server.Items.SongOfSamlethe" gfx="4079" />
			<object type="Server.Items.TaleOfThreeTribes" gfx="4080" />
			<object type="Server.Items.TalesOfVesperVol1" gfx="4079" />
			<object type="Server.Items.TalkingToWisps" gfx="4079" />
			<object type="Server.Items.TamingDragons" gfx="4080" />
			<object type="Server.Items.TanBook" gfx="4080" />
			<object type="Server.Items.TheFight" gfx="4079" />
			<object type="Server.Items.TreatiseOnAlchemy" gfx="4079" />
			<object type="Server.Items.WildGirlOfTheForest" gfx="4079" />
			<object type="Server.Items.VirtueBook" gfx="4080" />
		</category>
		<category title="Camps">
			<object type="Server.Multis.BankerCamp" gfx="502" />
			<object type="Server.Multis.BrigandCamp" gfx="4334" />
			<object type="Server.Multis.HealerCamp" gfx="500" />
			<object type="Server.Multis.LizardmenCamp" gfx="4334" />
			<object type="Server.Multis.MageCamp" gfx="501" />
			<object type="Server.Multis.OrcCamp" gfx="4334" />
			<object type="Server.Multis.RatCamp" gfx="4334" />
		</category>
		<category title="Cartography">
			<object type="Server.Items.BlankMap" gfx="5356" />
			<object type="Server.Items.CityMap" gfx="5356" />
			<object type="Server.Items.IndecipherableMap" gfx="5356" hue="2401" />
			<object type="Server.Items.LocalMap" gfx="5356" />
			<object type="Server.Items.MapItem" gfx="5356" />
			<object type="Server.Items.SeaChart" gfx="5356" />
			<object type="Server.Items.WeatherMap" gfx="5356" />
			<object type="Server.Items.WorldMap" gfx="5356" />
		</category>
		<category title="Components">
			<object type="Server.Items.Axle" gfx="4187" />
			<object type="Server.Items.AxleGears" gfx="4177" />
			<object type="Server.Items.BarrelHoops" gfx="7607" />
			<object type="Server.Items.BarrelLid" gfx="7608" />
			<object type="Server.Items.BarrelStaves" gfx="7857" />
			<object type="Server.Items.BarrelTap" gfx="4100" />
			<object type="Server.Items.Clock" gfx="4171" />
			<object type="Server.Items.ClockFrame" gfx="4173" />
			<object type="Server.Items.ClockLeft" gfx="4172" />
			<object type="Server.Items.ClockParts" gfx="4175" />
			<object type="Server.Items.ClockRight" gfx="4171" />
			<object type="Server.Items.Gears" gfx="4179" />
			<object type="Server.Items.Hinge" gfx="4181" />
			<object type="Server.Items.SextantParts" gfx="4185" />
			<object type="Server.Items.Springs" gfx="4189" />
		</category>
		<category title="Construction">
			<category title="Broken" />
			<category title="Containers">
				<object type="Server.Items.Armoire" gfx="2639" />
				<object type="Server.Items.Backpack" gfx="3701" />
				<object type="Server.Items.Bag" gfx="3702" />
				<object type="Server.Items.Barrel" gfx="3703" />
				<object type="Server.Items.Basket" gfx="2448" />
				<object type="Server.Items.Drawer" gfx="2604" />
				<object type="Server.Items.EmptyBookcase" gfx="2717" />
				<object type="Server.Items.FancyArmoire" gfx="2637" />
				<object type="Server.Items.FancyDrawer" gfx="2608" />
				<object type="Server.Items.FillableBarrel" gfx="3703" />
				<object type="Server.Items.FillableLargeCrate" gfx="3645" />
				<object type="Server.Items.FillableMetalBox" gfx="2472" />
				<object type="Server.Items.FillableMetalChest" gfx="2475" />
				<object type="Server.Items.FillableMetalGoldenChest" gfx="3649" />
				<object type="Server.Items.FillableSmallCrate" gfx="2473" />
				<object type="Server.Items.FillableWoodenBox" gfx="2474" />
				<object type="Server.Items.FillableWoodenChest" gfx="3651" />
				<object type="Server.Items.FullBookcase" gfx="2711" />
				<object type="Server.Items.Keg" gfx="3711" />
				<object type="Server.Items.LargeCrate" gfx="3645" />
				<object type="Server.Items.LibraryBookcase" gfx="2711" />
				<object type="Server.Multis.LockableBarrel" gfx="3703" />
				<object type="Server.Items.MediumCrate" gfx="3647" />
				<object type="Server.Items.MetalBox" gfx="2472" />
				<object type="Server.Items.MetalChest" gfx="2475" />
				<object type="Server.Items.MetalGoldenChest" gfx="3649" />
				<object type="Server.Items.Pouch" gfx="3705" />
				<object type="Server.Items.SmallCrate" gfx="2473" />
				<object type="Server.Items.StrongBackpack" gfx="3701" />
				<object type="Server.Items.TrashBarrel" gfx="3703" hue="946" />
				<object type="Server.Items.WoodenBox" gfx="2474" />
				<object type="Server.Items.WoodenChest" gfx="3651" />
			</category>
			<category title="Decoration">
				<category title="Paintings &amp; Portraits" />
				<category title="Shields" />
				<category title="Tapestries" />
				<category title="Weapons" />
			</category>
			<category title="Doors" />
			<category title="Floors" />
			<category title="Furniture">
				<category title="Chairs">
					<object type="Server.Items.BambooChair" gfx="2907" />
					<object type="Server.Items.FancyWoodenChairCushion" gfx="2895" />
					<object type="Server.Items.FootStool" gfx="2910" />
					<object type="Server.Items.Stool" gfx="2602" />
					<object type="Server.Items.Throne" gfx="2867" />
					<object type="Server.Items.WoodenBench" gfx="2861" />
					<object type="Server.Items.WoodenChair" gfx="2903" />
					<object type="Server.Items.WoodenChairCushion" gfx="2899" />
					<object type="Server.Items.WoodenThrone" gfx="2862" />
				</category>
				<category title="Other">
					<object type="Server.Items.Easle" gfx="3941" />
					<object type="Server.Items.ShortMusicStand" gfx="3766" />
					<object type="Server.Items.TallMusicStand" gfx="3771" />
				</category>
				<category title="Tables">
					<object type="Server.Items.LargeTable" gfx="2960" />
					<object type="Server.Items.Nightstand" gfx="2869" />
					<object type="Server.Items.WritingTable" gfx="2890" />
					<object type="Server.Items.YewWoodTable" gfx="2959" />
				</category>
			</category>
			<category title="Rares">
				<object type="Server.Items.CopperWire" gfx="6265" />
				<object type="Server.Items.GoldWire" gfx="6264" />
				<object type="Server.Items.IronWire" gfx="6262" />
				<object type="Server.Items.PaintsAndBrush" gfx="4033" />
				<object type="Server.Items.Rope" gfx="5368" />
				<object type="Server.Items.SilverWire" gfx="6263" />
				<object type="Server.Items.Whip" gfx="5742" />
			</category>
		</category>
		<category title="Entertainment">
			<category title="Games">
				<object type="Server.Items.Backgammon" gfx="3612" />
				<object type="Server.Items.CheckerBoard" gfx="4006" />
				<object type="Server.Items.Chessboard" gfx="4006" />
				<object type="Server.Items.Dices" gfx="4007" />
			</category>
			<category title="Instruments">
				<object type="Server.Items.Drums" gfx="3740" />
				<object type="Server.Items.Harp" gfx="3761" />
				<object type="Server.Items.LapHarp" gfx="3762" />
				<object type="Server.Items.Lute" gfx="3763" />
				<object type="Server.Items.Tambourine" gfx="3741" />
				<object type="Server.Items.TambourineTassel" gfx="3742" />
			</category>
		</category>
		<category title="Food &amp; Drink">
			<category title="Beverages">
				<object type="Server.Items.CeramicMug" gfx="2453" />
				<object type="Server.Items.GlassMug" gfx="8065" />
				<object type="Server.Items.Goblet" gfx="2458" />
				<object type="Server.Items.PewterMug" gfx="4095" />
				<object type="Server.Items.Pitcher" gfx="4086" />
			</category>
			<category title="Needs cooking">
				<object type="Server.Items.CakeMix" gfx="4159" />
				<object type="Server.Items.CookieMix" gfx="4159" />
				<object type="Server.Items.Eggs" gfx="2485" />
				<object type="Server.Items.RawBird" gfx="2489" />
				<object type="Server.Items.RawChickenLeg" gfx="5639" />
				<object type="Server.Items.RawFishSteak" gfx="2426" />
				<object type="Server.Items.RawLambLeg" gfx="5641" />
				<object type="Server.Items.RawRibs" gfx="2545" />
				<object type="Server.Items.UnbakedApplePie" gfx="4162" />
				<object type="Server.Items.UnbakedFruitPie" gfx="4162" />
				<object type="Server.Items.UnbakedMeatPie" gfx="4162" />
				<object type="Server.Items.UnbakedPeachCobbler" gfx="4162" />
				<object type="Server.Items.UnbakedPumpkinPie" gfx="4162" />
				<object type="Server.Items.UnbakedQuiche" gfx="4162" />
				<object type="Server.Items.UncookedCheesePizza" gfx="4227" />
				<object type="Server.Items.UncookedSausagePizza" gfx="4227" />
			</category>
			<category title="Ready to eat">
				<object type="Server.Items.Apple" gfx="2512" />
				<object type="Server.Items.ApplePie" gfx="4161" />
				<object type="Server.Items.Bacon" gfx="2425" />
				<object type="Server.Items.Banana" gfx="5919" />
				<object type="Server.Items.Bananas" gfx="5921" />
				<object type="Server.Items.BreadLoaf" gfx="4155" />
				<object type="Server.Items.Cabbage" gfx="3195" />
				<object type="Server.Items.Cake" gfx="2537" />
				<object type="Server.Items.Cantaloupe" gfx="3193" />
				<object type="Server.Items.Carrot" gfx="3192" />
				<object type="Server.Items.CheesePizza" gfx="4160" />
				<object type="Server.Items.CheeseSlice" gfx="2428" />
				<object type="Server.Items.CheeseWedge" gfx="2429" />
				<object type="Server.Items.CheeseWheel" gfx="2430" />
				<object type="Server.Items.ChickenLeg" gfx="5640" />
				<object type="Server.Items.Coconut" gfx="5926" />
				<object type="Server.Items.CookedBird" gfx="2487" />
				<object type="Server.Items.Cookies" gfx="5643" />
				<object type="Server.Items.Dates" gfx="5927" />
				<object type="Server.Items.EarOfCorn" gfx="3201" />
				<object type="Server.Items.FishSteak" gfx="2427" />
				<object type="Server.Items.FrenchBread" gfx="2444" />
				<object type="Server.Items.FriedEggs" gfx="2486" />
				<object type="Server.Items.FruitBasket" gfx="2451" />
				<object type="Server.Items.FruitPie" gfx="4161" />
				<object type="Server.Items.Grapes" gfx="2513" />
				<object type="Server.Items.GreenGourd" gfx="3174" />
				<object type="Server.Items.Ham" gfx="2505" />
				<object type="Server.Items.HoneydewMelon" gfx="3188" />
				<object type="Server.Items.LambLeg" gfx="5642" />
				<object type="Server.Items.Lemon" gfx="5928" />
				<object type="Server.Items.Lemons" gfx="5929" />
				<object type="Server.Items.Lettuce" gfx="3184" />
				<object type="Server.Items.Lime" gfx="5930" />
				<object type="Server.Items.Limes" gfx="5931" />
				<object type="Server.Items.MeatPie" gfx="4161" />
				<object type="Server.Items.Muffins" gfx="2539" />
				<object type="Server.Items.Onion" gfx="3181" />
				<object type="Server.Items.OpenCoconut" gfx="5923" />
				<object type="Server.Items.Peach" gfx="2514" />
				<object type="Server.Items.PeachCobbler" gfx="4161" />
				<object type="Server.Items.Pear" gfx="2452" />
				<object type="Server.Items.PewterBowlOfCorn" gfx="5631" />
				<object type="Server.Items.PewterBowlOfLettuce" gfx="5632" />
				<object type="Server.Items.PewterBowlOfPeas" gfx="5633" />
				<object type="Server.Items.PewterBowlOfPotatos" gfx="5634" />
				<object type="Server.Items.Pumpkin" gfx="3178" />
				<object type="Server.Items.PumpkinPie" gfx="4161" />
				<object type="Server.Items.Quiche" gfx="4161" />
				<object type="Server.Items.Ribs" gfx="2546" />
				<object type="Server.Items.RoastPig" gfx="2491" />
				<object type="Server.Items.Sausage" gfx="2496" />
				<object type="Server.Items.SausagePizza" gfx="4160" />
				<object type="Server.Items.SlabOfBacon" gfx="2422" />
				<object type="Server.Items.SmallPumpkin" gfx="3180" />
				<object type="Server.Items.SmallWatermelon" gfx="3165" />
				<object type="Server.Items.SplitCoconut" gfx="5925" />
				<object type="Server.Items.Squash" gfx="3186" />
				<object type="Server.Items.Turnip" gfx="3386" />
				<object type="Server.Items.Watermelon" gfx="3164" />
				<object type="Server.Items.WoodenBowlOfCarrots" gfx="5625" />
				<object type="Server.Items.WoodenBowlOfCorn" gfx="5626" />
				<object type="Server.Items.WoodenBowlOfLettuce" gfx="5627" />
				<object type="Server.Items.WoodenBowlOfPeas" gfx="5628" />
				<object type="Server.Items.WoodenBowlOfStew" gfx="5636" />
				<object type="Server.Items.WoodenBowlOfTomatoSoup" gfx="5638" />
				<object type="Server.Items.YellowGourd" gfx="3172" />
			</category>
		</category>
		<category title="Gems">
			<object type="Server.Items.Amber" gfx="3877" />
			<object type="Server.Items.Amethyst" gfx="3862" />
			<object type="Server.Items.Citrine" gfx="3861" />
			<object type="Server.Items.Diamond" gfx="3878" />
			<object type="Server.Items.Emerald" gfx="3856" />
			<object type="Server.Items.Ruby" gfx="3859" />
			<object type="Server.Items.Sapphire" gfx="3865" />
			<object type="Server.Items.StarSapphire" gfx="3873" />
			<object type="Server.Items.Tourmaline" gfx="3885" />
		</category>
		<category title="Glassblowing" />
		<category title="Hair" />
		<category title="House Deeds">
			<object type="Server.Multis.Deeds.BrickHouseDeed" gfx="5360" />
			<object type="Server.Multis.Deeds.CastleDeed" gfx="5360" />
			<object type="Server.Multis.Deeds.FieldStoneHouseDeed" gfx="5360" />
			<object type="Server.Multis.Deeds.KeepDeed" gfx="5360" />
			<object type="Server.Multis.Deeds.LargeMarbleDeed" gfx="5360" />
			<object type="Server.Multis.Deeds.LargePatioDeed" gfx="5360" />
			<object type="Server.Multis.Deeds.LogCabinDeed" gfx="5360" />
			<object type="Server.Multis.Deeds.MarbleWorkshopDeed" gfx="5360" />
			<object type="Server.Multis.Deeds.SandstonePatioDeed" gfx="5360" />
			<object type="Server.Multis.Deeds.SmallBrickHouseDeed" gfx="5360" />
			<object type="Server.Multis.Deeds.SmallTowerDeed" gfx="5360" />
			<object type="Server.Multis.Deeds.StonePlasterHouseDeed" gfx="5360" />
			<object type="Server.Multis.Deeds.StoneWorkshopDeed" gfx="5360" />
			<object type="Server.Multis.Deeds.ThatchedRoofCottageDeed" gfx="5360" />
			<object type="Server.Multis.Deeds.TowerDeed" gfx="5360" />
			<object type="Server.Multis.Deeds.TwoStoryStonePlasterHouseDeed" gfx="5360" />
			<object type="Server.Multis.Deeds.TwoStoryWoodPlasterHouseDeed" gfx="5360" />
			<object type="Server.Multis.Deeds.VillaDeed" gfx="5360" />
			<object type="Server.Multis.Deeds.WoodHouseDeed" gfx="5360" />
			<object type="Server.Multis.Deeds.WoodPlasterHouseDeed" gfx="5360" />
		</category>
		<category title="Lights">
			<object type="Server.Items.Brazier" gfx="3633" />
			<object type="Server.Items.Candelabra" gfx="2599" />
			<object type="Server.Items.CandelabraStand" gfx="2601" />
			<object type="Server.Items.Candle" gfx="2600" />
			<object type="Server.Items.CandleLarge" gfx="2598" />
			<object type="Server.Items.CandleSkull" gfx="6227" />
			<object type="Server.Items.HangingLantern" gfx="2589" />
			<object type="Server.Items.HeatingStand" gfx="6217" />
			<object type="Server.Items.LampPost1" gfx="2849" />
			<object type="Server.Items.LampPost2" gfx="2851" />
			<object type="Server.Items.LampPost3" gfx="2853" />
			<object type="Server.Items.Lantern" gfx="2597" />
			<object type="Server.Items.LanternOfSouls" gfx="2597" hue="1154" />
			<object type="Server.Items.Torch" gfx="3947" />
			<object type="Server.Items.WallSconce" gfx="2555" />
			<object type="Server.Items.WallTorch" gfx="2565" />
		</category>
		<category title="Magical">
			<category title="Ethereal Mounts">
				<object type="Server.Mobiles.ChargerOfTheFallen" gfx="11676" />
				<object type="Server.Mobiles.EtherealBeetle" gfx="9743" />
				<object type="Server.Mobiles.EtherealCuSidhe" gfx="11670" />
				<object type="Server.Mobiles.EtherealHiryu" gfx="10090" />
				<object type="Server.Mobiles.EtherealHorse" gfx="8413" />
				<object type="Server.Mobiles.EtherealKirin" gfx="9632" />
				<object type="Server.Mobiles.EtherealLlama" gfx="8438" />
				<object type="Server.Mobiles.EtherealOstard" gfx="8501" />
				<object type="Server.Mobiles.EtherealReptalon" gfx="11669" />
				<object type="Server.Mobiles.EtherealRidgeback" gfx="9749" />
				<object type="Server.Mobiles.EtherealSwampDragon" gfx="9753" />
				<object type="Server.Mobiles.EtherealUnicorn" gfx="9678" />
				<object type="Server.Mobiles.RideablePolarBear" gfx="8417" />
			</category>
			<category title="Potions">
				<category title="Agility">
					<object type="Server.Items.AgilityPotion" gfx="3848" />
					<object type="Server.Items.GreaterAgilityPotion" gfx="3848" />
				</category>
				<category title="Cure">
					<object type="Server.Items.CurePotion" gfx="3847" />
					<object type="Server.Items.GreaterCurePotion" gfx="3847" />
					<object type="Server.Items.LesserCurePotion" gfx="3847" />
				</category>
				<category title="Explosion">
					<object type="Server.Items.ExplosionPotion" gfx="3853" />
					<object type="Server.Items.GreaterExplosionPotion" gfx="3853" />
					<object type="Server.Items.LesserExplosionPotion" gfx="3853" />
				</category>
				<category title="Heal">
					<object type="Server.Items.GreaterHealPotion" gfx="3852" />
					<object type="Server.Items.HealPotion" gfx="3852" />
					<object type="Server.Items.LesserHealPotion" gfx="3852" />
				</category>
				<category title="Poison">
					<object type="Server.Items.DeadlyPoisonPotion" gfx="3850" />
					<object type="Server.Items.GreaterPoisonPotion" gfx="3850" />
					<object type="Server.Items.LesserPoisonPotion" gfx="3850" />
					<object type="Server.Items.PoisonPotion" gfx="3850" />
				</category>
				<category title="Refresh">
					<object type="Server.Items.RefreshPotion" gfx="3851" />
					<object type="Server.Items.TotalRefreshPotion" gfx="3851" />
				</category>
				<category title="Strength">
					<object type="Server.Items.GreaterStrengthPotion" gfx="3849" />
					<object type="Server.Items.StrengthPotion" gfx="3849" />
				</category>
				<object type="Server.Items.NightSightPotion" gfx="3846" />
			</category>
			<category title="Scrolls">
				<category title="Necromancy" />
				<category title="Standard">
					<category title="Circle #1">
						<object type="Server.Items.ClumsyScroll" gfx="7982" />
						<object type="Server.Items.CreateFoodScroll" gfx="7983" />
						<object type="Server.Items.FeeblemindScroll" gfx="7984" />
						<object type="Server.Items.HealScroll" gfx="7985" />
						<object type="Server.Items.MagicArrowScroll" gfx="7986" />
						<object type="Server.Items.NightSightScroll" gfx="7987" />
						<object type="Server.Items.ReactiveArmorScroll" gfx="7981" />
						<object type="Server.Items.WeakenScroll" gfx="7988" />
					</category>
					<category title="Circle #2">
						<object type="Server.Items.AgilityScroll" gfx="7989" />
						<object type="Server.Items.CunningScroll" gfx="7990" />
						<object type="Server.Items.CureScroll" gfx="7991" />
						<object type="Server.Items.HarmScroll" gfx="7992" />
						<object type="Server.Items.MagicTrapScroll" gfx="7993" />
						<object type="Server.Items.MagicUnTrapScroll" gfx="7994" />
						<object type="Server.Items.ProtectionScroll" gfx="7995" />
						<object type="Server.Items.StrengthScroll" gfx="7996" />
					</category>
					<category title="Circle #3">
						<object type="Server.Items.BlessScroll" gfx="7997" />
						<object type="Server.Items.FireballScroll" gfx="7998" />
						<object type="Server.Items.MagicLockScroll" gfx="7999" />
						<object type="Server.Items.PoisonScroll" gfx="8000" />
						<object type="Server.Items.TelekinisisScroll" gfx="8001" />
						<object type="Server.Items.TeleportScroll" gfx="8002" />
						<object type="Server.Items.UnlockScroll" gfx="8003" />
						<object type="Server.Items.WallOfStoneScroll" gfx="8004" />
					</category>
					<category title="Circle #4">
						<object type="Server.Items.ArchCureScroll" gfx="8005" />
						<object type="Server.Items.ArchProtectionScroll" gfx="8006" />
						<object type="Server.Items.CurseScroll" gfx="8007" />
						<object type="Server.Items.FireFieldScroll" gfx="8008" />
						<object type="Server.Items.GreaterHealScroll" gfx="8009" />
						<object type="Server.Items.LightningScroll" gfx="8010" />
						<object type="Server.Items.ManaDrainScroll" gfx="8011" />
						<object type="Server.Items.RecallScroll" gfx="8012" />
					</category>
					<category title="Circle #5">
						<object type="Server.Items.BladeSpiritsScroll" gfx="8013" />
						<object type="Server.Items.DispelFieldScroll" gfx="8014" />
						<object type="Server.Items.IncognitoScroll" gfx="8015" />
						<object type="Server.Items.MagicReflectScroll" gfx="8016" />
						<object type="Server.Items.MindBlastScroll" gfx="8017" />
						<object type="Server.Items.ParalyzeScroll" gfx="8018" />
						<object type="Server.Items.PoisonFieldScroll" gfx="8019" />
						<object type="Server.Items.SummonCreatureScroll" gfx="8020" />
					</category>
					<category title="Circle #6">
						<object type="Server.Items.DispelScroll" gfx="8021" />
						<object type="Server.Items.EnergyBoltScroll" gfx="8022" />
						<object type="Server.Items.ExplosionScroll" gfx="8023" />
						<object type="Server.Items.InvisibilityScroll" gfx="8024" />
						<object type="Server.Items.MarkScroll" gfx="8025" />
						<object type="Server.Items.MassCurseScroll" gfx="8026" />
						<object type="Server.Items.ParalyzeFieldScroll" gfx="8027" />
						<object type="Server.Items.RevealScroll" gfx="8028" />
					</category>
					<category title="Circle #7">
						<object type="Server.Items.ChainLightningScroll" gfx="8029" />
						<object type="Server.Items.EnergyFieldScroll" gfx="8030" />
						<object type="Server.Items.FlamestrikeScroll" gfx="8031" />
						<object type="Server.Items.GateTravelScroll" gfx="8032" />
						<object type="Server.Items.ManaVampireScroll" gfx="8033" />
						<object type="Server.Items.MassDispelScroll" gfx="8034" />
						<object type="Server.Items.MeteorSwarmScroll" gfx="8035" />
						<object type="Server.Items.PolymorphScroll" gfx="8036" />
					</category>
					<category title="Circle #8">
						<object type="Server.Items.EarthquakeScroll" gfx="8037" />
						<object type="Server.Items.EnergyVortexScroll" gfx="8038" />
						<object type="Server.Items.ResurrectionScroll" gfx="8039" />
						<object type="Server.Items.SummonAirElementalScroll" gfx="8040" />
						<object type="Server.Items.SummonDaemonScroll" gfx="8041" />
						<object type="Server.Items.SummonEarthElementalScroll" gfx="8042" />
						<object type="Server.Items.SummonFireElementalScroll" gfx="8043" />
						<object type="Server.Items.SummonWaterElementalScroll" gfx="8044" />
					</category>
				</category>
				<object type="Server.Items.BlankScroll" gfx="3827" />
			</category>
			<object type="Server.Items.Spellbook" gfx="3834" />
		</category>
		<category title="Pots &amp; Plants">
			<object type="Server.Items.PottedPlant" gfx="4554" />
			<object type="Server.Items.PottedPlant1" gfx="4555" />
			<object type="Server.Items.PottedPlant2" gfx="4556" />
			<object type="Server.Items.PottedTree" gfx="4552" />
			<object type="Server.Items.PottedTree1" gfx="4553" />
		</category>
		<category title="Resources">
			<category title="Bags">
				<object type="Server.Items.BagOfReagents" gfx="3702" />
			</category>
			<category title="Fish">
				<object type="Server.Items.BigFish" gfx="2508" hue="2119" />
				<object type="Server.Items.Fish" gfx="2509" />
				<object type="Server.Items.PeculiarFish" gfx="3542" hue="66" />
				<object type="Server.Items.PrizedFish" gfx="3542" hue="51" />
				<object type="Server.Items.TrulyRareFish" gfx="3542" hue="76" />
				<object type="Server.Items.WondrousFish" gfx="3542" hue="86" />
			</category>
			<category title="Fletching">
				<object type="Server.Items.Arrow" gfx="3903" />
				<object type="Server.Items.Bolt" gfx="7163" />
				<object type="Server.Items.Feather" gfx="7121" />
				<object type="Server.Items.Shaft" gfx="7124" />
			</category>
			<category title="Granite" />
			<category title="Ingots">
				<object type="Server.Items.AgapiteIngot" gfx="7154" hue="2425" />
				<object type="Server.Items.BronzeIngot" gfx="7154" hue="2418" />
				<object type="Server.Items.CopperIngot" gfx="7154" hue="2413" />
				<object type="Server.Items.DullCopperIngot" gfx="7154" hue="2419" />
				<object type="Server.Items.GoldIngot" gfx="7154" hue="2213" />
				<object type="Server.Items.IronIngot" gfx="7154" />
				<object type="Server.Items.ShadowIronIngot" gfx="7154" hue="2406" />
				<object type="Server.Items.ValoriteIngot" gfx="7154" hue="2219" />
				<object type="Server.Items.VeriteIngot" gfx="7154" hue="2207" />
			</category>
			<category title="Ore">
				<object type="Server.Items.AgapiteOre" gfx="6585" hue="2425" />
				<object type="Server.Items.BronzeOre" gfx="6585" hue="2418" />
				<object type="Server.Items.CopperOre" gfx="6585" hue="2413" />
				<object type="Server.Items.DullCopperOre" gfx="6585" hue="2419" />
				<object type="Server.Items.GoldOre" gfx="6585" hue="2213" />
				<object type="Server.Items.IronOre" gfx="6585" />
				<object type="Server.Items.ShadowIronOre" gfx="6585" hue="2406" />
				<object type="Server.Items.ValoriteOre" gfx="6586" hue="2219" />
				<object type="Server.Items.VeriteOre" gfx="6585" hue="2207" />
			</category>
			<category title="Reagents">
				<category title="Necromancy" />
				<category title="Standard">
					<object type="Server.Items.BlackPearl" gfx="3962" />
					<object type="Server.Items.Bloodmoss" gfx="3963" />
					<object type="Server.Items.Garlic" gfx="3972" />
					<object type="Server.Items.Ginseng" gfx="3973" />
					<object type="Server.Items.MandrakeRoot" gfx="3974" />
					<object type="Server.Items.Nightshade" gfx="3976" />
					<object type="Server.Items.SpidersSilk" gfx="3981" />
					<object type="Server.Items.SulfurousAsh" gfx="3980" />
				</category>
				<object type="Server.Items.DeadWood" gfx="3984" />
			</category>
			<category title="Scales" />
			<category title="Stones" />
			<category title="Tailoring">
				<category title="Cloth">
					<object type="Server.Items.BoltOfCloth" gfx="3989" />
					<object type="Server.Items.Cloth" gfx="5990" />
					<object type="Server.Items.UncutCloth" gfx="5991" />
				</category>
				<category title="Hides">
					<object type="Server.Items.Hides" gfx="4217" />
				</category>
				<category title="Leather">
					<object type="Server.Items.Leather" gfx="4225" />
				</category>
				<category title="Materials">
					<object type="Server.Items.Cotton" gfx="3577" />
					<object type="Server.Items.DarkYarn" gfx="3613" />
					<object type="Server.Items.Flax" gfx="6812" />
					<object type="Server.Items.LightYarn" gfx="3614" />
					<object type="Server.Items.LightYarnUnraveled" gfx="3615" />
					<object type="Server.Items.SpoolOfThread" gfx="4000" />
					<object type="Server.Items.TaintedWool" gfx="3576" />
					<object type="Server.Items.Wool" gfx="3576" />
				</category>
				<object type="Server.Items.Bone" gfx="3966" />
			</category>
			<category title="Wood">
				<object type="Server.Items.Board" gfx="7127" />
				<object type="Server.Items.Log" gfx="7133" />
			</category>
		</category>
		<category title="Stonecraft">
			<object type="Server.Items.StatueEast" gfx="5020" />
			<object type="Server.Items.StatueNorth" gfx="5019" />
			<object type="Server.Items.StatueSouth" gfx="5018" />
		</category>
		<category title="Tools">
			<category title="Crafting">
				<object type="Server.Items.GrimsHammer" gfx="5043" hue="1283" />
			</category>
			<category title="Harvesting">
				<object type="Server.Items.Shovel" gfx="3897" />
			</category>
		</category>
		<category title="Traps">
			<object type="Server.Items.FireColumnTrap" gfx="7025" />
			<object type="Server.Items.FlameSpurtTrap" gfx="7025" />
			<object type="Server.Items.GasTrap" gfx="4520" />
			<object type="Server.Items.GiantSpikeTrap" gfx="1" />
			<object type="Server.Items.MushroomTrap" gfx="4389" />
			<object type="Server.Items.SawTrap" gfx="4524" />
			<object type="Server.Items.SpikeTrap" gfx="4506" />
			<object type="Server.Items.StoneFaceTrap" gfx="4348" />
			<object type="Server.Items.StoneFaceTrapNoDamage" gfx="4348" />
		</category>
		<category title="Uncategorized">
			<object type="Server.Items.AnkhNorth" gfx="4" />
			<object type="Server.Items.AnkhWest" gfx="3" />
			<object type="Server.Items.ArcheryButte" gfx="4106" />
			<object type="Server.Items.BallotBox" gfx="2472" />
			<object type="Server.Items.Bandage" gfx="3617" />
			<object type="Server.Items.Beads" gfx="4235" />
			<object type="Server.Items.Bedroll" gfx="2647" />
			<object type="Server.Items.Beeswax" gfx="5154" />
			<object type="Server.Items.BlackDyeTub" gfx="4011" hue="1" />
			<object type="Server.Items.BlazeDyeTub" gfx="4011" hue="1161" />
			<object type="Server.Items.Blocker" gfx="8612" />
			<object type="Server.Items.Blood" gfx="4654" />
			<object type="Server.Items.BonePile" gfx="6926" />
			<object type="Server.Items.Bottle" gfx="3854" />
			<object type="Server.Items.BowlFlour" gfx="2590" />
			<object type="Server.Items.BroadcastCrystal" gfx="7888" />
			<object type="Server.Items.BulletinBoard" gfx="7774" />
			<object type="Server.Items.BustEast" gfx="4810" />
			<object type="Server.Items.BustSouth" gfx="4811" />
			<object type="Server.Items.ChiselsNorth" gfx="4134" />
			<object type="Server.Items.ChiselsWest" gfx="4135" />
			<object type="Server.Items.CommodityDeed" gfx="5360" hue="71" />
			<object type="Server.Items.ConditionTeleporter" gfx="7107" />
			<object type="Server.Items.ConfirmationMoongate" gfx="3948" />
			<object type="Server.Items.ContractOfEmployment" gfx="5360" />
			<object type="Server.Items.DartBoard" gfx="7727" />
			<object type="Server.Items.DecoArrowShafts" gfx="4132" />
			<object type="Server.Items.DirtyFrypan" gfx="2526" />
			<object type="Server.Items.DirtyKettle" gfx="2524" />
			<object type="Server.Items.DirtyPan" gfx="2536" />
			<object type="Server.Items.DirtyPot" gfx="2534" />
			<object type="Server.Items.DirtyRoundPot" gfx="2527" />
			<object type="Server.Items.DirtySmallPot" gfx="2525" />
			<object type="Server.Items.DirtySmallRoundPot" gfx="2535" />
			<object type="Server.Items.DisguiseKit" gfx="3589" />
			<object type="Server.Items.Dough" gfx="4157" />
			<object type="Server.Items.DovetailSaw" gfx="4136" />
			<object type="Server.Items.DrawKnife" gfx="4324" />
			<object type="Server.Items.Dressform" gfx="3782" />
			<object type="Server.Items.DriedHerbs" gfx="3138" />
			<object type="Server.Items.DriedOnions" gfx="3136" />
			<object type="Server.Items.Dyes" gfx="4009" />
			<object type="Server.Items.DyeTub" gfx="4011" />
			<object type="Server.Items.Eggshells" gfx="2484" />
			<object type="Server.Items.EmptyPewterBowl" gfx="5629" />
			<object type="Server.Items.EmptyWoodenBowl" gfx="5624" />
			<object type="Server.Items.EmptyWoodenTub" gfx="5637" />
			<object type="Server.Items.FabledFishingNet" gfx="3530" hue="1153" />
			<object type="Server.Items.FarmableCabbage" gfx="3254" />
			<object type="Server.Items.FarmableCarrot" gfx="3190" />
			<object type="Server.Items.FarmableCotton" gfx="3155" />
			<object type="Server.Items.FarmableFlax" gfx="6811" />
			<object type="Server.Items.FarmableLettuce" gfx="3254" />
			<object type="Server.Items.FarmableOnion" gfx="3183" />
			<object type="Server.Items.FarmablePumpkin" gfx="3166" />
			<object type="Server.Items.FarmableTurnip" gfx="3171" />
			<object type="Server.Items.FarmableWheat" gfx="3160" />
			<object type="Server.Items.FishingPole" gfx="3520" />
			<object type="Server.Items.FletcherTools" gfx="4130" />
			<object type="Server.Items.FlourSifter" gfx="4158" />
			<object type="Server.Items.ForgedMetal" gfx="4024" />
			<object type="Server.Items.Fork" gfx="2548" />
			<object type="Server.Items.ForkLeft" gfx="2548" />
			<object type="Server.Items.ForkRight" gfx="2549" />
			<object type="Server.Items.Froe" gfx="4325" />
			<object type="Server.Items.FurnitureDyeTub" gfx="4011" />
			<object type="Server.Items.Globe" gfx="4167" />
			<object type="Server.Items.Gold" gfx="3821" />
			<object type="Server.Items.GreenDriedFlowers" gfx="3134" />
			<object type="Server.Items.GuildDeed" gfx="5360" />
			<object type="Server.Items.GuildstoneDeed" gfx="5360" />
			<object type="Server.Items.GuildTeleporter" gfx="6249" />
			<object type="Server.Items.HairDye" gfx="3839" />
			<object type="Server.Items.HairRestylingDeed" gfx="5360" />
			<object type="Server.Items.Hammer" gfx="4138" />
			<object type="Server.Items.Head" gfx="7584" />
			<object type="Server.Items.HorseShoes" gfx="4022" />
			<object type="Server.Items.Inshave" gfx="4326" />
			<object type="Server.Items.JarHoney" gfx="2540" />
			<object type="Server.Items.JointingPlane" gfx="4144" />
			<object type="Server.Items.Key" gfx="4112" />
			<object type="Server.Items.KeyRing" gfx="4113" />
			<object type="Server.Items.KeywordTeleporter" gfx="7107" />
			<object type="Server.Items.Kindling" gfx="3553" />
			<object type="Server.Items.Knife" gfx="2550" />
			<object type="Server.Items.KnifeLeft" gfx="2550" />
			<object type="Server.Items.KnifeRight" gfx="2551" />
			<object type="Server.Items.LeatherDyeTub" gfx="4011" />
			<object type="Server.Items.LeftArm" gfx="7585" />
			<object type="Server.Items.LeftLeg" gfx="7587" />
			<object type="Server.Items.LightSource" gfx="5703" />
			<object type="Server.Items.Lockpick" gfx="5372" />
			<object type="Server.Items.Lockpicks" gfx="5373" />
			<object type="Server.Items.MalletAndChisel" gfx="4787" />
			<object type="Server.Items.MapmakersPen" gfx="4031" />
			<object type="Server.Items.MessageInABottle" gfx="2463" />
			<object type="Server.Items.Moongate" gfx="3948" />
			<object type="Server.Items.MortarPestle" gfx="3739" />
			<object type="Server.Items.MouldingPlane" gfx="4140" />
			<object type="Server.Items.Nails" gfx="4142" />
			<object type="Server.Items.NewPlayerTicket" gfx="5359" />
			<object type="Server.Items.Obelisk" gfx="4484" />
			<object type="Server.Items.OilCloth" gfx="5981" hue="2001" />
			<object type="Server.Items.PenAndInk" gfx="4031" />
			<object type="Server.Items.PickpocketDip" gfx="7872" />
			<object type="Server.Items.Plate" gfx="2519" />
			<object type="Server.Items.PotionKeg" gfx="6464" />
			<object type="Server.Mobiles.ProximitySpawner" gfx="7955" />
			<object type="Server.Items.PublicMoongate" gfx="3948" />
			<object type="Server.Items.RecallRune" gfx="7956" />
			<object type="Server.Items.ReceiverCrystal" gfx="7888" />
			<object type="Server.Items.RepairDeed" gfx="5360" hue="444" />
			<object type="Server.Items.RibCage" gfx="6936" />
			<object type="Server.Items.RightArm" gfx="7586" />
			<object type="Server.Items.RightLeg" gfx="7588" />
			<object type="Server.Items.RollingPin" gfx="4163" />
			<object type="Server.Items.Runebook" gfx="3834" hue="1121" />
			<object type="Server.Items.RunebookDyeTub" gfx="4011" />
			<object type="Server.Items.SackFlour" gfx="4153" />
			<object type="Server.Items.Saw" gfx="4148" />
			<object type="Server.Items.Scales" gfx="6226" />
			<object type="Server.Items.Scissors" gfx="3999" />
			<object type="Server.Items.Scorp" gfx="4327" />
			<object type="Server.Items.ScribesPen" gfx="4031" />
			<object type="Server.Items.SerpentPillar" gfx="9023" />
			<object type="Server.Items.SewingKit" gfx="3997" />
			<object type="Server.Items.Sextant" gfx="4184" />
			<object type="Server.Items.SheafOfHay" gfx="3894" />
			<object type="Server.Items.Skillet" gfx="2431" />
			<object type="Server.Items.SkillTeleporter" gfx="7107" />
			<object type="Server.Items.SledgeHammer" gfx="4021" />
			<object type="Server.Items.SmithHammer" gfx="5091" />
			<object type="Server.Items.SmoothingPlane" gfx="4146" />
			<object type="Server.Items.SOS" gfx="5358" />
			<object type="Server.Mobiles.Spawner" gfx="7955" />
			<object type="Server.Items.SpecialDyeTub" gfx="4011" />
			<object type="Server.Items.SpecialFishingNet" gfx="3530" hue="2208" />
			<object type="Server.Items.Spoon" gfx="2552" />
			<object type="Server.Items.SpoonLeft" gfx="2552" />
			<object type="Server.Items.SpoonRight" gfx="2553" />
			<object type="Server.Items.Spyglass" gfx="5365" />
			<object type="Server.Items.StatueEast2" gfx="4644" />
			<object type="Server.Items.StatueSouth2" gfx="4647" />
			<object type="Server.Items.StatueSouthEast" gfx="4645" />
			<object type="Server.Items.StatueWest" gfx="4646" />
			<object type="Server.Items.SweetDough" gfx="4157" hue="150" />
			<object type="Server.Items.Teleporter" gfx="7107" />
			<object type="Server.Items.TimeoutGoal" gfx="6178" hue="1154" />
			<object type="Server.Items.TimeoutTeleporter" gfx="7107" />
			<object type="Server.Items.TinkersTools" gfx="7868" />
			<object type="Server.Items.TinkerTools" gfx="7864" />
			<object type="Server.Items.Tongs" gfx="4027" />
			<object type="Server.Items.ToolKit" gfx="7867" />
			<object type="Server.Items.Torso" gfx="7583" />
			<object type="Server.Items.TrainingDummy" gfx="4212" />
			<object type="Server.Items.WaitTeleporter" gfx="7107" />
			<object type="Server.Items.WayPoint" gfx="7956" hue="1176" />
			<object type="Server.Items.WheatSheaf" gfx="7869" />
			<object type="Server.Items.WhiteDriedFlowers" gfx="3132" />
		</category>
		<category title="Wearables">
			<category title="Armor">
				<category title="Artifacts" />
				<category title="Bone">
					<object type="Server.Items.BoneArms" gfx="5198" />
					<object type="Server.Items.BoneChest" gfx="5199" />
					<object type="Server.Items.BoneGloves" gfx="5200" />
					<object type="Server.Items.BoneHelm" gfx="5201" />
					<object type="Server.Items.BoneLegs" gfx="5202" />
				</category>
				<category title="Chain">
					<object type="Server.Items.ChainChest" gfx="5055" />
					<object type="Server.Items.ChainCoif" gfx="5051" />
					<object type="Server.Items.ChainLegs" gfx="5054" />
				</category>
				<category title="Daemon Bone">
					<object type="Server.Items.DaemonArms" gfx="5198" hue="1608" />
					<object type="Server.Items.DaemonChest" gfx="5199" hue="1608" />
					<object type="Server.Items.DaemonGloves" gfx="5200" hue="1608" />
					<object type="Server.Items.DaemonHelm" gfx="5201" hue="1608" />
					<object type="Server.Items.DaemonLegs" gfx="5202" hue="1608" />
				</category>
				<category title="Dragon" />
				<category title="Helmets">
					<object type="Server.Items.Bascinet" gfx="5132" />
					<object type="Server.Items.CloseHelm" gfx="5128" />
					<object type="Server.Items.Helmet" gfx="5130" />
					<object type="Server.Items.NorseHelm" gfx="5134" />
					<object type="Server.Items.OrcHelm" gfx="7947" />
				</category>
				<category title="Leather">
					<object type="Server.Items.FemaleLeatherChest" gfx="7174" />
					<object type="Server.Items.LeatherArms" gfx="5069" />
					<object type="Server.Items.LeatherBustierArms" gfx="7178" />
					<object type="Server.Items.LeatherCap" gfx="7609" />
					<object type="Server.Items.LeatherChest" gfx="5068" />
					<object type="Server.Items.LeatherGloves" gfx="5062" />
					<object type="Server.Items.LeatherGorget" gfx="5063" />
					<object type="Server.Items.LeatherLegs" gfx="5067" />
					<object type="Server.Items.LeatherShorts" gfx="7168" />
					<object type="Server.Items.LeatherSkirt" gfx="7176" />
				</category>
				<category title="Plate">
					<object type="Server.Items.FemalePlateChest" gfx="7172" />
					<object type="Server.Items.PlateArms" gfx="5136" />
					<object type="Server.Items.PlateChest" gfx="5141" />
					<object type="Server.Items.PlateGloves" gfx="5140" />
					<object type="Server.Items.PlateGorget" gfx="5139" />
					<object type="Server.Items.PlateHelm" gfx="5138" />
					<object type="Server.Items.PlateLegs" gfx="5137" />
				</category>
				<category title="Ranger">
					<object type="Server.Items.RangerArms" gfx="5084" hue="1436" />
					<object type="Server.Items.RangerChest" gfx="5083" hue="1436" />
					<object type="Server.Items.RangerGloves" gfx="5077" hue="1436" />
					<object type="Server.Items.RangerGorget" gfx="5078" hue="1436" />
					<object type="Server.Items.RangerLegs" gfx="5082" hue="1436" />
				</category>
				<category title="Ring">
					<object type="Server.Items.RingmailArms" gfx="5102" />
					<object type="Server.Items.RingmailChest" gfx="5100" />
					<object type="Server.Items.RingmailGloves" gfx="5099" />
					<object type="Server.Items.RingmailLegs" gfx="5104" />
				</category>
				<category title="Shields">
					<category title="Artifacts" />
					<object type="Server.Items.BronzeShield" gfx="7026" />
					<object type="Server.Items.Buckler" gfx="7027" />
					<object type="Server.Items.ChaosShield" gfx="7107" />
					<object type="Server.Items.HeaterShield" gfx="7030" />
					<object type="Server.Items.MetalKiteShield" gfx="7028" />
					<object type="Server.Items.MetalShield" gfx="7035" />
					<object type="Server.Items.OrderShield" gfx="7108" />
					<object type="Server.Items.WoodenKiteShield" gfx="7033" />
					<object type="Server.Items.WoodenShield" gfx="7034" />
				</category>
				<category title="Studded Leather">
					<object type="Server.Items.FemaleStuddedChest" gfx="7170" />
					<object type="Server.Items.StuddedArms" gfx="5084" />
					<object type="Server.Items.StuddedBustierArms" gfx="7180" />
					<object type="Server.Items.StuddedChest" gfx="5083" />
					<object type="Server.Items.StuddedGloves" gfx="5077" />
					<object type="Server.Items.StuddedGorget" gfx="5078" />
					<object type="Server.Items.StuddedLegs" gfx="5082" />
				</category>
			</category>
			<category title="Clothing">
				<category title="Cloaks">
					<object type="Server.Items.Cloak" gfx="5397" />
				</category>
				<category title="Hats">
					<object type="Server.Items.Bandana" gfx="5440" />
					<object type="Server.Items.BearMask" gfx="5445" />
					<object type="Server.Items.Bonnet" gfx="5913" />
					<object type="Server.Items.Cap" gfx="5909" />
					<object type="Server.Items.DeerMask" gfx="5447" />
					<object type="Server.Items.FeatheredHat" gfx="5914" />
					<object type="Server.Items.FloppyHat" gfx="5907" />
					<object type="Server.Items.HornedTribalMask" gfx="5449" />
					<object type="Server.Items.JesterHat" gfx="5916" />
					<object type="Server.Items.MagicWizardsHat" gfx="5912" />
					<object type="Server.Items.OrcishKinMask" gfx="5147" hue="2212" />
					<object type="Server.Items.SavageMask" gfx="5451" hue="2102" />
					<object type="Server.Items.SkullCap" gfx="5444" />
					<object type="Server.Items.StrawHat" gfx="5911" />
					<object type="Server.Items.TallStrawHat" gfx="5910" />
					<object type="Server.Items.TribalMask" gfx="5451" />
					<object type="Server.Items.TricorneHat" gfx="5915" />
					<object type="Server.Items.WideBrimHat" gfx="5908" />
					<object type="Server.Items.WizardsHat" gfx="5912" />
				</category>
				<category title="Misc">
					<object type="Server.Items.BodySash" gfx="5441" />
					<object type="Server.Items.Doublet" gfx="8059" />
					<object type="Server.Items.FullApron" gfx="5437" />
					<object type="Server.Items.HalfApron" gfx="5435" />
					<object type="Server.Items.JesterSuit" gfx="8095" />
					<object type="Server.Items.Surcoat" gfx="8189" />
					<object type="Server.Items.Tunic" gfx="8097" />
				</category>
				<category title="Pants">
					<object type="Server.Items.Kilt" gfx="5431" />
					<object type="Server.Items.LongPants" gfx="5433" />
					<object type="Server.Items.ShortPants" gfx="5422" />
					<object type="Server.Items.Skirt" gfx="5398" />
				</category>
				<category title="Robes">
					<object type="Server.Items.DeathRobe" gfx="7939" hue="2301" />
					<object type="Server.Items.FancyDress" gfx="7936" />
					<object type="Server.Items.PlainDress" gfx="7937" />
					<object type="Server.Items.Robe" gfx="7939" />
				</category>
				<category title="Shirts">
					<object type="Server.Items.FancyShirt" gfx="7933" />
					<object type="Server.Items.Shirt" gfx="5399" />
				</category>
				<category title="Shoes">
					<object type="Server.Items.Boots" gfx="5899" />
					<object type="Server.Items.Sandals" gfx="5901" />
					<object type="Server.Items.Shoes" gfx="5903" />
					<object type="Server.Items.ThighBoots" gfx="5905" />
				</category>
			</category>
			<category title="Jewelry">
				<category title="Artifacts" />
				<object type="Server.Items.GoldBeadNecklace" gfx="4233" />
				<object type="Server.Items.GoldBracelet" gfx="4230" />
				<object type="Server.Items.GoldEarrings" gfx="4231" />
				<object type="Server.Items.GoldNecklace" gfx="4232" />
				<object type="Server.Items.GoldRing" gfx="4234" />
				<object type="Server.Items.Necklace" gfx="4229" />
				<object type="Server.Items.SilverBeadNecklace" gfx="7941" />
				<object type="Server.Items.SilverBracelet" gfx="7942" />
				<object type="Server.Items.SilverEarrings" gfx="7943" />
				<object type="Server.Items.SilverNecklace" gfx="7944" />
				<object type="Server.Items.SilverRing" gfx="7945" />
			</category>
			<category title="Suits" />
			<category title="Weapons">
				<category title="Artifacts" />
				<category title="Axes">
					<object type="Server.Items.Axe" gfx="3913" />
					<object type="Server.Items.BattleAxe" gfx="3911" />
					<object type="Server.Items.DoubleAxe" gfx="3915" />
					<object type="Server.Items.ExecutionersAxe" gfx="3909" />
					<object type="Server.Items.Hatchet" gfx="3907" />
					<object type="Server.Items.LargeBattleAxe" gfx="5115" />
					<object type="Server.Items.Pickaxe" gfx="3718" />
					<object type="Server.Items.TwoHandedAxe" gfx="5187" />
					<object type="Server.Items.WarAxe" gfx="5040" />
				</category>
				<category title="Bashing">
					<object type="Server.Items.Club" gfx="5044" />
					<object type="Server.Items.FireworksWand" gfx="3570" />
					<object type="Server.Items.HammerPick" gfx="5181" />
					<object type="Server.Items.Mace" gfx="3932" />
					<object type="Server.Items.MagicWand" gfx="3570" />
					<object type="Server.Items.Maul" gfx="5179" />
					<object type="Server.Items.WarHammer" gfx="5177" />
					<object type="Server.Items.WarMace" gfx="5127" />
				</category>
				<category title="Knives">
					<object type="Server.Items.ButcherKnife" gfx="5110" />
					<object type="Server.Items.Cleaver" gfx="3779" />
					<object type="Server.Items.Dagger" gfx="3922" />
					<object type="Server.Items.SkinningKnife" gfx="3780" />
				</category>
				<category title="Pole Arms">
					<object type="Server.Items.Bardiche" gfx="3917" />
					<object type="Server.Items.Halberd" gfx="5182" />
				</category>
				<category title="Ranged">
					<object type="Server.Items.Bow" gfx="5042" />
					<object type="Server.Items.Crossbow" gfx="3920" />
					<object type="Server.Items.HeavyCrossbow" gfx="5117" />
				</category>
				<category title="Spears">
					<object type="Server.Items.Pitchfork" gfx="3719" />
					<object type="Server.Items.ShortSpear" gfx="5123" />
					<object type="Server.Items.Spear" gfx="3938" />
					<object type="Server.Items.TribalSpear" gfx="3938" hue="837" />
					<object type="Server.Items.WarFork" gfx="5125" />
				</category>
				<category title="Staves">
					<object type="Server.Items.BlackStaff" gfx="3568" />
					<object type="Server.Items.GlacialStaff" gfx="3568" hue="1152" />
					<object type="Server.Items.GnarledStaff" gfx="5112" />
					<object type="Server.Items.QuarterStaff" gfx="3721" />
					<object type="Server.Items.ShepherdsCrook" gfx="3713" />
				</category>
				<category title="Swords">
					<object type="Server.Items.Broadsword" gfx="3934" />
					<object type="Server.Items.Cutlass" gfx="5185" />
					<object type="Server.Items.Katana" gfx="5119" />
					<object type="Server.Items.Kryss" gfx="5121" />
					<object type="Server.Items.Longsword" gfx="3937" />
					<object type="Server.Items.Scimitar" gfx="5046" />
					<object type="Server.Items.ThinLongsword" gfx="5048" />
					<object type="Server.Items.VikingSword" gfx="5049" />
				</category>
				<category title="Wands">
					<object type="Server.Items.IDWand" gfx="3573" />
				</category>
			</category>
		</category>
	</category>
	<category title="Mobiles">
		<category title="Champions" />
		<category title="Creatures">
			<category title="Animals">
				<category title="Birds &amp; Fowl">
					<object type="Server.Mobiles.Bird" gfx="8474" hue="2305" />
					<object type="Server.Mobiles.Chicken" gfx="8401" />
					<object type="Server.Mobiles.Eagle" gfx="8477" />
				</category>
				<category title="Bovines">
					<object type="Server.Mobiles.Bull" gfx="8431" hue="2305" />
					<object type="Server.Mobiles.Cow" gfx="8431" />
				</category>
				<category title="Bruins">
					<object type="Server.Mobiles.BlackBear" gfx="8472" />
					<object type="Server.Mobiles.BrownBear" gfx="8472" />
					<object type="Server.Mobiles.GrizzlyBear" gfx="8478" />
					<object type="Server.Mobiles.PolarBear" gfx="8417" />
				</category>
				<category title="Canines">
					<object type="Server.Mobiles.DireWolf" gfx="9680" />
					<object type="Server.Mobiles.Dog" gfx="9608" hue="2315" />
					<object type="Server.Mobiles.GreyWolf" gfx="9681" />
					<object type="Server.Mobiles.HellHound" gfx="9622" />
					<object type="Server.Mobiles.TimberWolf" gfx="9683" />
					<object type="Server.Mobiles.WhiteWolf" gfx="9682" />
				</category>
				<category title="Deer">
					<object type="Server.Mobiles.GreatHart" gfx="8404" />
					<object type="Server.Mobiles.Hind" gfx="8404" />
				</category>
				<category title="Felines">
					<object type="Server.Mobiles.Cat" gfx="8475" hue="2315" />
					<object type="Server.Mobiles.Cougar" gfx="9603" />
					<object type="Server.Mobiles.HellCat" gfx="8475" hue="1607" />
					<object type="Server.Mobiles.Panther" gfx="9653" hue="2305" />
					<object type="Server.Mobiles.PredatorHellCat" gfx="9623" />
					<object type="Server.Mobiles.SnowLeopard" gfx="9635" />
				</category>
				<category title="Frogs &amp; Toads">
					<object type="Server.Mobiles.BullFrog" gfx="8496" hue="1443" />
					<object type="Server.Mobiles.GiantToad" gfx="9612" />
				</category>
				<category title="Lizards">
					<object type="Server.Mobiles.Alligator" gfx="8497" />
				</category>
				<category title="Llamas &amp; Pack Animals">
					<object type="Server.Mobiles.Llama" gfx="8438" />
					<object type="Server.Mobiles.PackHorse" gfx="8486" />
					<object type="Server.Mobiles.PackLlama" gfx="8487" />
				</category>
				<category title="Mounts">
					<category title="War Horses" />
					<object type="Server.Mobiles.DesertOstard" gfx="9650" />
					<object type="Server.Mobiles.FireSteed" gfx="8689" />
					<object type="Server.Mobiles.ForestOstard" gfx="9652" hue="2203" />
					<object type="Server.Mobiles.FrenziedOstard" gfx="9651" hue="1146" />
					<object type="Server.Mobiles.Horse" gfx="9630" />
					<object type="Server.Mobiles.Nightmare" gfx="9628" />
					<object type="Server.Mobiles.RidableLlama" gfx="8438" />
					<object type="Server.Mobiles.SilverSteed" gfx="9629" />
				</category>
				<category title="Porcines">
					<object type="Server.Mobiles.Boar" gfx="8449" />
					<object type="Server.Mobiles.Pig" gfx="8449" />
				</category>
				<category title="Rodents">
					<object type="Server.Mobiles.GiantRat" gfx="8400" />
					<object type="Server.Mobiles.JackRabbit" gfx="8485" hue="443" />
					<object type="Server.Mobiles.Rabbit" gfx="8485" />
					<object type="Server.Mobiles.Rat" gfx="8483" />
					<object type="Server.Mobiles.Sewerrat" gfx="8483" />
				</category>
				<category title="Ruminants">
					<object type="Server.Mobiles.Goat" gfx="9600" />
					<object type="Server.Mobiles.MountainGoat" gfx="8456" />
					<object type="Server.Mobiles.Sheep" gfx="8427" />
				</category>
				<category title="Uncategorized">
					<object type="Server.Mobiles.Gorilla" gfx="9618" />
					<object type="Server.Mobiles.Walrus" gfx="8447" />
				</category>
			</category>
			<category title="Ants">
				<category title="Black" />
				<category title="Red" />
			</category>
			<category title="Elementals">
				<category title="Ore Elementals" />
				<object type="Server.Mobiles.AirElemental" gfx="9687" />
				<object type="Server.Mobiles.BloodElemental" gfx="9688" />
				<object type="Server.Mobiles.EarthElemental" gfx="8407" />
				<object type="Server.Mobiles.FireElemental" gfx="9689" />
				<object type="Server.Mobiles.IceElemental" gfx="9690" />
				<object type="Server.Mobiles.PoisonElemental" gfx="9691" />
				<object type="Server.Mobiles.SnowElemental" gfx="9692" />
				<object type="Server.Mobiles.WaterElemental" gfx="9693" />
			</category>
			<category title="Evil">
				<category title="Age of Shadows" />
				<category title="Daemons">
					<object type="Server.Mobiles.Balron" gfx="9606" />
					<object type="Server.Mobiles.Daemon" gfx="9604" />
					<object type="Server.Mobiles.IceFiend" gfx="9607" />
				</category>
				<category title="Dragons &amp; Wyrms">
					<object type="Server.Mobiles.AncientWyrm" gfx="8406" />
					<object type="Server.Mobiles.Dragon" gfx="8406" />
					<object type="Server.Mobiles.Drake" gfx="8406" />
					<object type="Server.Mobiles.ShadowWyrm" gfx="8406" />
					<object type="Server.Mobiles.WhiteWyrm" gfx="8406" />
					<object type="Server.Mobiles.Wyvern" gfx="8406" />
				</category>
				<category title="Gargoyles">
					<object type="Server.Mobiles.Gargoyle" gfx="8409" />
					<object type="Server.Mobiles.StoneGargoyle" gfx="9614" />
				</category>
				<category title="Harpies">
					<object type="Server.Mobiles.Harpy" gfx="8412" />
					<object type="Server.Mobiles.StoneHarpy" gfx="9620" />
				</category>
				<category title="Humans">
					<object type="Server.Mobiles.Brigand" gfx="8455" hue="1041" />
					<object type="Server.Mobiles.EvilMage" gfx="9610" />
					<object type="Server.Mobiles.EvilMageLord" gfx="9611" />
					<object type="Server.Mobiles.Executioner" gfx="8454" hue="1056" />
				</category>
				<category title="Lizards">
					<object type="Server.Mobiles.LavaLizard" gfx="8497" hue="1607" />
					<object type="Server.Mobiles.Lizardman" gfx="8414" />
				</category>
				<category title="Mongbats, Imps, &amp; Headless Ones">
					<object type="Server.Mobiles.HeadlessOne" gfx="9621" hue="1002" />
					<object type="Server.Mobiles.Imp" gfx="9631" />
					<object type="Server.Mobiles.Mongbat" gfx="9638" />
				</category>
				<category title="Ogres, Ettins, Trolls, Cyclopses, &amp; Titans">
					<object type="Server.Mobiles.ArcticOgreLord" gfx="9640" />
					<object type="Server.Mobiles.Cyclops" gfx="8493" />
					<object type="Server.Mobiles.Ettin" gfx="8408" />
					<object type="Server.Mobiles.FrostTroll" gfx="8425" />
					<object type="Server.Mobiles.Ogre" gfx="8415" />
					<object type="Server.Mobiles.OgreLord" gfx="9640" />
					<object type="Server.Mobiles.Titan" gfx="9677" />
					<object type="Server.Mobiles.Troll" gfx="8425" />
				</category>
				<category title="Ophidians">
					<object type="Server.Mobiles.OphidianArchmage" gfx="9643" />
					<object type="Server.Mobiles.OphidianKnight" gfx="9645" />
					<object type="Server.Mobiles.OphidianMage" gfx="9643" />
					<object type="Server.Mobiles.OphidianMatriarch" gfx="9644" />
					<object type="Server.Mobiles.OphidianWarrior" gfx="9645" />
				</category>
				<category title="Orcs">
					<object type="Server.Mobiles.Orc" gfx="9646" />
					<object type="Server.Mobiles.OrcCaptain" gfx="9647" />
					<object type="Server.Mobiles.OrcishLord" gfx="9647" />
					<object type="Server.Mobiles.OrcishMage" gfx="9649" />
				</category>
				<category title="Plague Beasts, Bog Things, &amp; Slimes">
					<object type="Server.Mobiles.FrostOoze" gfx="8424" />
					<object type="Server.Mobiles.Jwilson" gfx="8424" hue="2210" />
					<object type="Server.Mobiles.Slime" gfx="8424" hue="2214" />
				</category>
				<category title="Plants">
					<object type="Server.Mobiles.Corpser" gfx="9602" />
					<object type="Server.Mobiles.Reaper" gfx="8442" />
					<object type="Server.Mobiles.SwampTentacle" gfx="9672" />
				</category>
				<category title="Ratmen">
					<object type="Server.Mobiles.Ratman" gfx="9655" />
					<object type="Server.Mobiles.RatmanArcher" gfx="9655" />
					<object type="Server.Mobiles.RatmanMage" gfx="9655" />
				</category>
				<category title="Serpents">
					<object type="Server.Mobiles.GiantSerpent" gfx="9663" hue="2008" />
					<object type="Server.Mobiles.IceSerpent" gfx="9664" />
					<object type="Server.Mobiles.IceSnake" gfx="9666" hue="1152" />
					<object type="Server.Mobiles.LavaSerpent" gfx="9665" />
					<object type="Server.Mobiles.LavaSnake" gfx="9666" hue="1616" />
					<object type="Server.Mobiles.SilverSerpent" gfx="9666" />
					<object type="Server.Mobiles.Snake" gfx="9666" hue="2004" />
				</category>
				<category title="Spiders">
					<object type="Server.Mobiles.DreadSpider" gfx="9668" />
					<object type="Server.Mobiles.FrostSpider" gfx="9669" />
					<object type="Server.Mobiles.GiantSpider" gfx="9670" />
				</category>
				<category title="Terathans">
					<object type="Server.Mobiles.TerathanAvenger" gfx="9674" />
					<object type="Server.Mobiles.TerathanDrone" gfx="9673" />
					<object type="Server.Mobiles.TerathanMatriarch" gfx="9675" />
					<object type="Server.Mobiles.TerathanWarrior" gfx="9676" />
				</category>
				<category title="Uncategorized">
					<object type="Server.Mobiles.AcidElemental" gfx="9686" />
					<object type="Server.Mobiles.Actor" gfx="8455" hue="1035" />
					<object type="Server.Mobiles.Artist" gfx="8455" hue="1039" />
					<object type="Server.Mobiles.Efreet" gfx="9616" />
					<object type="Server.Mobiles.ElderGazer" gfx="9615" />
					<object type="Server.Mobiles.Gazer" gfx="9615" />
					<object type="Server.Mobiles.Golem" gfx="9744" />
					<object type="Server.Mobiles.GreaterMongbat" gfx="9638" />
					<object type="Server.Mobiles.Gypsy" gfx="8454" hue="1011" />
					<object type="Server.Mobiles.HarborMaster" gfx="8455" hue="1038" />
					<object type="Server.Mobiles.Kraken" gfx="9634" />
					<object type="Server.Mobiles.Leviathan" gfx="9634" hue="1153" />
					<object type="Server.Mobiles.Phoenix" gfx="8477" hue="1652" />
					<object type="Server.Mobiles.Scorpion" gfx="9657" />
					<object type="Server.Mobiles.Sculptor" gfx="8454" hue="1029" />
					<object type="Server.Mobiles.TropicalBird" gfx="8474" hue="2126" />
				</category>
				<category title="Undead">
					<category title="Ghosts">
						<object type="Server.Mobiles.Ghoul" gfx="9617" />
						<object type="Server.Mobiles.Shade" gfx="9671" />
						<object type="Server.Mobiles.Spectre" gfx="9671" />
						<object type="Server.Mobiles.Wraith" gfx="9671" />
					</category>
					<category title="Liches">
						<object type="Server.Mobiles.Lich" gfx="9636" />
						<object type="Server.Mobiles.LichLord" gfx="9637" />
					</category>
					<category title="Skeletons">
						<object type="Server.Mobiles.BoneKnight" gfx="9660" />
						<object type="Server.Mobiles.BoneMagi" gfx="9662" />
						<object type="Server.Mobiles.SkeletalKnight" gfx="9661" />
						<object type="Server.Mobiles.SkeletalMage" gfx="9662" />
						<object type="Server.Mobiles.Skeleton" gfx="9660" />
					</category>
					<category title="Walking Dead">
						<object type="Server.Mobiles.Mummy" gfx="9639" />
						<object type="Server.Mobiles.RottingCorpse" gfx="8428" />
						<object type="Server.Mobiles.Zombie" gfx="9656" />
					</category>
				</category>
				<category title="Vortexes &amp; Blade Spirits">
					<object type="Server.Mobiles.BladeSpirits" gfx="1" />
					<object type="Server.Mobiles.EnergyVortex" gfx="8429" />
				</category>
			</category>
			<category title="Good">
				<object type="Server.Mobiles.Wisp" gfx="8448" />
			</category>
			<category title="Marine">
				<object type="Server.Mobiles.DeepSeaSerpent" gfx="8443" hue="2210" />
				<object type="Server.Mobiles.Dolphin" gfx="8433" />
				<object type="Server.Mobiles.SeaSerpent" gfx="8443" hue="1335" />
			</category>
		</category>
		<category title="Dummies" />
		<category title="Escortables">
			<object type="Server.Mobiles.BaseEscortable" gfx="8454" hue="1008" />
			<object type="Server.Mobiles.BrideGroom" gfx="8454" hue="1008" />
			<object type="Server.Mobiles.EscortableMage" gfx="8454" hue="1055" />
			<object type="Server.Mobiles.Merchant" gfx="8455" hue="1052" />
			<object type="Server.Mobiles.Messenger" gfx="8454" hue="1035" />
			<object type="Server.Mobiles.Noble" gfx="8454" hue="1055" />
			<object type="Server.Mobiles.Peasant" gfx="8454" hue="1053" />
			<object type="Server.Mobiles.Townfolk.Prisoner" gfx="8454" hue="1052" />
			<object type="Server.Mobiles.SeekerOfAdventure" gfx="8455" hue="1010" />
		</category>
		<category title="Guards">
			<object type="Server.Mobiles.ChaosGuard" gfx="8454" hue="1046" />
			<object type="Server.Mobiles.OrderGuard" gfx="8455" hue="1040" />
			<object type="Server.Mobiles.WarriorGuard" gfx="8454" hue="1011" />
		</category>
		<category title="Healers">
			<object type="Server.Mobiles.Healer" gfx="8454" hue="1008" />
			<object type="Server.Mobiles.WanderingHealer" gfx="8454" hue="1009" />
		</category>
		<category title="Uncategorized">
			<object type="Server.Mobiles.TownCrier" gfx="8455" hue="1009" />
		</category>
		<category title="Vendors">
			<category title="Guildmasters">
				<object type="Server.Mobiles.BardGuildmaster" gfx="8455" hue="1041" />
				<object type="Server.Mobiles.BlacksmithGuildmaster" gfx="8455" hue="1010" />
				<object type="Server.Mobiles.FisherGuildmaster" gfx="8455" hue="1041" />
				<object type="Server.Mobiles.HealerGuildmaster" gfx="8455" hue="1045" />
				<object type="Server.Mobiles.MageGuildmaster" gfx="8455" hue="1004" />
				<object type="Server.Mobiles.MerchantGuildmaster" gfx="8454" hue="1027" />
				<object type="Server.Mobiles.MinerGuildmaster" gfx="8455" hue="1046" />
				<object type="Server.Mobiles.RangerGuildmaster" gfx="8455" hue="1006" />
				<object type="Server.Mobiles.TailorGuildmaster" gfx="8455" hue="1050" />
				<object type="Server.Mobiles.ThiefGuildmaster" gfx="8455" hue="1014" />
				<object type="Server.Mobiles.TinkerGuildmaster" gfx="8454" hue="1035" />
				<object type="Server.Mobiles.WarriorGuildmaster" gfx="8454" hue="1050" />
			</category>
			<object type="Server.Mobiles.Alchemist" gfx="8454" hue="1016" />
			<object type="Server.Mobiles.AnimalTrainer" gfx="8455" hue="1040" />
			<object type="Server.Mobiles.Architect" gfx="8454" hue="1048" />
			<object type="Server.Mobiles.Armorer" gfx="8454" hue="1007" />
			<object type="Server.Mobiles.Baker" gfx="8454" hue="1051" />
			<object type="Server.Mobiles.Banker" gfx="8455" hue="1040" />
			<object type="Server.Mobiles.Bard" gfx="8454" hue="1042" />
			<object type="Server.Mobiles.Barkeeper" gfx="8455" hue="1017" />
			<object type="Server.Mobiles.Beekeeper" gfx="8455" hue="1046" />
			<object type="Server.Mobiles.Blacksmith" gfx="8454" hue="1057" />
			<object type="Server.Mobiles.Bowyer" gfx="8454" hue="1023" />
			<object type="Server.Mobiles.Butcher" gfx="8455" hue="1035" />
			<object type="Server.Mobiles.Carpenter" gfx="8455" hue="1048" />
			<object type="Server.Mobiles.Cobbler" gfx="8454" hue="1048" />
			<object type="Server.Mobiles.Cook" gfx="8454" hue="1004" />
			<object type="Server.Mobiles.CustomHairstylist" gfx="8455" hue="1008" />
			<object type="Server.Mobiles.Farmer" gfx="8454" hue="1022" />
			<object type="Server.Mobiles.Fisherman" gfx="8454" hue="1036" />
			<object type="Server.Mobiles.Furtrader" gfx="8455" hue="1027" />
			<object type="Server.Mobiles.GypsyAnimalTrainer" gfx="8454" hue="1033" />
			<object type="Server.Mobiles.GypsyBanker" gfx="8454" hue="1029" />
			<object type="Server.Mobiles.GypsyMaiden" gfx="8455" hue="1040" />
			<object type="Server.Mobiles.Herbalist" gfx="8455" hue="1020" />
			<object type="Server.Mobiles.HolyMage" gfx="8455" hue="1054" />
			<object type="Server.Mobiles.InnKeeper" gfx="8454" hue="1035" />
			<object type="Server.Mobiles.Jeweler" gfx="8454" hue="1058" />
			<object type="Server.Mobiles.LeatherWorker" gfx="8454" hue="1054" />
			<object type="Server.Mobiles.Mage" gfx="8454" hue="1019" />
			<object type="Server.Mobiles.Mapmaker" gfx="8454" hue="1041" />
			<object type="Server.Mobiles.Miller" gfx="8455" hue="1031" />
			<object type="Server.Mobiles.Miner" gfx="8455" hue="1058" />
			<object type="Server.Mobiles.Minter" gfx="8455" hue="1039" />
			<object type="Server.Mobiles.Provisioner" gfx="8454" hue="1044" />
			<object type="Server.Mobiles.Rancher" gfx="8454" hue="1040" />
			<object type="Server.Mobiles.Ranger" gfx="8454" hue="1050" />
			<object type="Server.Mobiles.RealEstateBroker" gfx="8455" hue="1009" />
			<object type="Server.Mobiles.Scribe" gfx="8455" hue="1027" />
			<object type="Server.Mobiles.Shipwright" gfx="8454" hue="1009" />
			<object type="Server.Mobiles.Tailor" gfx="8455" hue="1013" />
			<object type="Server.Mobiles.Tanner" gfx="8454" hue="1039" />
			<object type="Server.Mobiles.TavernKeeper" gfx="8455" hue="1010" />
			<object type="Server.Mobiles.Thief" gfx="8454" hue="1024" />
			<object type="Server.Mobiles.Tinker" gfx="8455" hue="1058" />
			<object type="Server.Mobiles.Waiter" gfx="8455" hue="1026" />
			<object type="Server.Mobiles.Weaponsmith" gfx="8454" hue="1022" />
			<object type="Server.Mobiles.Weaver" gfx="8455" hue="1013" />
			<object type="Server.Mobiles.Veterinarian" gfx="8455" hue="1007" />
		</category>
	</category>
</category>